,Country,Variable,Year,Value
0,Australia,Pollution-adjusted GDP growth,1991,0.381369
1,Australia,Pollution-adjusted GDP growth,1992,3.884425
2,Australia,Pollution-adjusted GDP growth,1993,3.881379
3,Australia,Pollution-adjusted GDP growth,1994,3.751882
4,Australia,Pollution-adjusted GDP growth,1995,3.495713
5,Australia,Pollution-adjusted GDP growth,1996,3.8253589999999997
6,Australia,Pollution-adjusted GDP growth,1997,4.0771440000000005
7,Australia,Pollution-adjusted GDP growth,1998,4.604055000000001
8,Australia,Pollution-adjusted GDP growth,1999,3.746943
9,Australia,Pollution-adjusted GDP growth,2000,1.7793299999999999
10,Australia,Pollution-adjusted GDP growth,2001,3.627926
11,Australia,Pollution-adjusted GDP growth,2002,3.0144450000000003
12,Australia,Pollution-adjusted GDP growth,2003,4.0850089999999994
13,Australia,Pollution-adjusted GDP growth,2004,2.938981
14,Australia,Pollution-adjusted GDP growth,2005,2.919178
15,Australia,Pollution-adjusted GDP growth,2006,3.6299010000000003
16,Australia,Pollution-adjusted GDP growth,2007,3.481232
17,Australia,Pollution-adjusted GDP growth,2008,1.6361370000000002
18,Australia,Pollution-adjusted GDP growth,2009,2.016772
19,Australia,Pollution-adjusted GDP growth,2010,2.316194
20,Australia,Pollution-adjusted GDP growth,2011,3.682232
21,Australia,Pollution-adjusted GDP growth,2012,2.3865279999999998
154,Austria,Pollution-adjusted GDP growth,1996,2.824482
155,Austria,Pollution-adjusted GDP growth,1997,2.897628
156,Austria,Pollution-adjusted GDP growth,1998,4.0698989999999995
157,Austria,Pollution-adjusted GDP growth,1999,4.134176
158,Austria,Pollution-adjusted GDP growth,2000,3.4432440000000004
159,Austria,Pollution-adjusted GDP growth,2001,1.509183
160,Austria,Pollution-adjusted GDP growth,2002,1.746804
161,Austria,Pollution-adjusted GDP growth,2003,0.7730640000000001
162,Austria,Pollution-adjusted GDP growth,2004,3.412327
163,Austria,Pollution-adjusted GDP growth,2005,2.17382
164,Austria,Pollution-adjusted GDP growth,2006,3.284679
165,Austria,Pollution-adjusted GDP growth,2007,4.14945
166,Austria,Pollution-adjusted GDP growth,2008,2.00345
167,Austria,Pollution-adjusted GDP growth,2009,-2.78789
168,Austria,Pollution-adjusted GDP growth,2010,1.481285
169,Austria,Pollution-adjusted GDP growth,2011,3.4667589999999997
170,Austria,Pollution-adjusted GDP growth,2012,0.7192531999999999
171,Austria,Pollution-adjusted GDP growth,2013,0.2612477
280,Belgium,Pollution-adjusted GDP growth,1991,1.84105
281,Belgium,Pollution-adjusted GDP growth,1992,1.757375
282,Belgium,Pollution-adjusted GDP growth,1993,-0.8261607
283,Belgium,Pollution-adjusted GDP growth,1994,2.956697
284,Belgium,Pollution-adjusted GDP growth,1995,2.303843
285,Belgium,Pollution-adjusted GDP growth,1996,1.524924
286,Belgium,Pollution-adjusted GDP growth,1997,4.155352
287,Belgium,Pollution-adjusted GDP growth,1998,1.690675
288,Belgium,Pollution-adjusted GDP growth,1999,4.154592
289,Belgium,Pollution-adjusted GDP growth,2000,3.8316809999999997
290,Belgium,Pollution-adjusted GDP growth,2001,1.286812
291,Belgium,Pollution-adjusted GDP growth,2002,2.1834700000000002
292,Belgium,Pollution-adjusted GDP growth,2003,1.210978
293,Belgium,Pollution-adjusted GDP growth,2004,3.8711580000000003
294,Belgium,Pollution-adjusted GDP growth,2005,2.5732720000000002
295,Belgium,Pollution-adjusted GDP growth,2006,3.092012
296,Belgium,Pollution-adjusted GDP growth,2007,3.856301
297,Belgium,Pollution-adjusted GDP growth,2008,1.144377
298,Belgium,Pollution-adjusted GDP growth,2009,-1.338899
299,Belgium,Pollution-adjusted GDP growth,2010,1.9881650000000002
300,Belgium,Pollution-adjusted GDP growth,2011,3.117479
301,Belgium,Pollution-adjusted GDP growth,2012,0.599902
302,Belgium,Pollution-adjusted GDP growth,2013,0.7064658
441,Canada,Pollution-adjusted GDP growth,1991,-1.8971310000000001
442,Canada,Pollution-adjusted GDP growth,1992,0.7437401
443,Canada,Pollution-adjusted GDP growth,1993,2.5442169999999997
444,Canada,Pollution-adjusted GDP growth,1994,4.403829
445,Canada,Pollution-adjusted GDP growth,1995,2.742763
446,Canada,Pollution-adjusted GDP growth,1996,1.527305
447,Canada,Pollution-adjusted GDP growth,1997,4.282267
448,Canada,Pollution-adjusted GDP growth,1998,4.076301
449,Canada,Pollution-adjusted GDP growth,1999,4.82329
450,Canada,Pollution-adjusted GDP growth,2000,4.927703
451,Canada,Pollution-adjusted GDP growth,2001,1.882089
452,Canada,Pollution-adjusted GDP growth,2002,2.890176
453,Canada,Pollution-adjusted GDP growth,2003,1.7645939999999998
454,Canada,Pollution-adjusted GDP growth,2004,3.196421
455,Canada,Pollution-adjusted GDP growth,2005,3.390337
456,Canada,Pollution-adjusted GDP growth,2006,2.750989
457,Canada,Pollution-adjusted GDP growth,2007,1.864897
458,Canada,Pollution-adjusted GDP growth,2008,1.264364
459,Canada,Pollution-adjusted GDP growth,2009,-2.026583
460,Canada,Pollution-adjusted GDP growth,2010,3.111789
461,Canada,Pollution-adjusted GDP growth,2011,2.598758
462,Canada,Pollution-adjusted GDP growth,2012,2.153016
463,Canada,Pollution-adjusted GDP growth,2013,1.804187
602,Czech Republic,Pollution-adjusted GDP growth,1994,5.224339
603,Czech Republic,Pollution-adjusted GDP growth,1995,6.418654
604,Czech Republic,Pollution-adjusted GDP growth,1996,3.9596709999999997
605,Czech Republic,Pollution-adjusted GDP growth,1997,0.28729240000000006
606,Czech Republic,Pollution-adjusted GDP growth,1998,1.371803
607,Czech Republic,Pollution-adjusted GDP growth,1999,3.43811
608,Czech Republic,Pollution-adjusted GDP growth,2000,4.880535
609,Czech Republic,Pollution-adjusted GDP growth,2001,3.6479730000000004
610,Czech Republic,Pollution-adjusted GDP growth,2002,3.00312
611,Czech Republic,Pollution-adjusted GDP growth,2003,3.232845
612,Czech Republic,Pollution-adjusted GDP growth,2004,5.387664
613,Czech Republic,Pollution-adjusted GDP growth,2005,6.413349
614,Czech Republic,Pollution-adjusted GDP growth,2006,6.3670290000000005
615,Czech Republic,Pollution-adjusted GDP growth,2007,6.362486
616,Czech Republic,Pollution-adjusted GDP growth,2008,3.4107809999999996
617,Czech Republic,Pollution-adjusted GDP growth,2009,-2.818644
618,Czech Republic,Pollution-adjusted GDP growth,2010,1.5793190000000001
619,Czech Republic,Pollution-adjusted GDP growth,2011,2.794103
620,Czech Republic,Pollution-adjusted GDP growth,2012,0.1276333
621,Czech Republic,Pollution-adjusted GDP growth,2013,-0.27443390000000006
742,Denmark,Pollution-adjusted GDP growth,1991,0.4656286
743,Denmark,Pollution-adjusted GDP growth,1992,2.299251
744,Denmark,Pollution-adjusted GDP growth,1993,-0.3662377
745,Denmark,Pollution-adjusted GDP growth,1994,5.397682
746,Denmark,Pollution-adjusted GDP growth,1995,3.181956
747,Denmark,Pollution-adjusted GDP growth,1996,2.0198810000000003
748,Denmark,Pollution-adjusted GDP growth,1997,3.91235
749,Denmark,Pollution-adjusted GDP growth,1998,2.458155
750,Denmark,Pollution-adjusted GDP growth,1999,3.2403299999999997
751,Denmark,Pollution-adjusted GDP growth,2000,4.015697
752,Denmark,Pollution-adjusted GDP growth,2001,0.7698119999999999
753,Denmark,Pollution-adjusted GDP growth,2002,0.69194
754,Denmark,Pollution-adjusted GDP growth,2003,0.2090948
755,Denmark,Pollution-adjusted GDP growth,2004,3.264269
756,Denmark,Pollution-adjusted GDP growth,2005,2.876649
757,Denmark,Pollution-adjusted GDP growth,2006,3.33514
758,Denmark,Pollution-adjusted GDP growth,2007,1.217027
759,Denmark,Pollution-adjusted GDP growth,2008,-0.26593859999999997
760,Denmark,Pollution-adjusted GDP growth,2009,-4.5534360000000005
761,Denmark,Pollution-adjusted GDP growth,2010,1.6374739999999999
762,Denmark,Pollution-adjusted GDP growth,2011,1.8467240000000003
763,Denmark,Pollution-adjusted GDP growth,2012,-0.3438893
764,Denmark,Pollution-adjusted GDP growth,2013,-0.1360819
903,Finland,Pollution-adjusted GDP growth,1991,-5.5557099999999995
904,Finland,Pollution-adjusted GDP growth,1992,-3.089456
905,Finland,Pollution-adjusted GDP growth,1993,-0.7449541000000001
906,Finland,Pollution-adjusted GDP growth,1994,3.6903839999999994
907,Finland,Pollution-adjusted GDP growth,1995,4.660424
908,Finland,Pollution-adjusted GDP growth,1996,3.4642160000000004
909,Finland,Pollution-adjusted GDP growth,1997,6.514283
910,Finland,Pollution-adjusted GDP growth,1998,5.919223000000001
911,Finland,Pollution-adjusted GDP growth,1999,4.695298
912,Finland,Pollution-adjusted GDP growth,2000,6.105703
913,Finland,Pollution-adjusted GDP growth,2001,2.3238790000000003
914,Finland,Pollution-adjusted GDP growth,2002,1.8308669999999998
915,Finland,Pollution-adjusted GDP growth,2003,1.7905659999999999
916,Finland,Pollution-adjusted GDP growth,2004,4.403188
917,Finland,Pollution-adjusted GDP growth,2005,4.035486
918,Finland,Pollution-adjusted GDP growth,2006,3.244311
919,Finland,Pollution-adjusted GDP growth,2007,5.542555999999999
920,Finland,Pollution-adjusted GDP growth,2008,1.789769
921,Finland,Pollution-adjusted GDP growth,2009,-7.736997
922,Finland,Pollution-adjusted GDP growth,2010,2.143911
923,Finland,Pollution-adjusted GDP growth,2011,3.554782
924,Finland,Pollution-adjusted GDP growth,2012,-1.222399
925,Finland,Pollution-adjusted GDP growth,2013,-1.255026
1064,France,Pollution-adjusted GDP growth,1991,0.5736319000000001
1065,France,Pollution-adjusted GDP growth,1992,1.835374
1066,France,Pollution-adjusted GDP growth,1993,-0.1236649
1067,France,Pollution-adjusted GDP growth,1994,2.66609
1068,France,Pollution-adjusted GDP growth,1995,2.072717
1069,France,Pollution-adjusted GDP growth,1996,1.363903
1070,France,Pollution-adjusted GDP growth,1997,2.8435
1071,France,Pollution-adjusted GDP growth,1998,3.326167
1072,France,Pollution-adjusted GDP growth,1999,3.787879
1073,France,Pollution-adjusted GDP growth,2000,4.003164
1074,France,Pollution-adjusted GDP growth,2001,2.242028
1075,France,Pollution-adjusted GDP growth,2002,1.688909
1076,France,Pollution-adjusted GDP growth,2003,1.1382450000000002
1077,France,Pollution-adjusted GDP growth,2004,3.17465
1078,France,Pollution-adjusted GDP growth,2005,2.003509
1079,France,Pollution-adjusted GDP growth,2006,2.993928
1080,France,Pollution-adjusted GDP growth,2007,2.972785
1081,France,Pollution-adjusted GDP growth,2008,0.6403378000000001
1082,France,Pollution-adjusted GDP growth,2009,-1.983646
1083,France,Pollution-adjusted GDP growth,2010,1.886438
1084,France,Pollution-adjusted GDP growth,2011,3.136755
1085,France,Pollution-adjusted GDP growth,2012,0.5369347
1086,France,Pollution-adjusted GDP growth,2013,0.3777942
1225,Germany,Pollution-adjusted GDP growth,1991,6.642866000000001
1226,Germany,Pollution-adjusted GDP growth,1992,3.127204
1227,Germany,Pollution-adjusted GDP growth,1993,-0.5562991
1228,Germany,Pollution-adjusted GDP growth,1994,3.835743
1229,Germany,Pollution-adjusted GDP growth,1995,2.301598
1230,Germany,Pollution-adjusted GDP growth,1996,1.047
1231,Germany,Pollution-adjusted GDP growth,1997,2.6900560000000002
1232,Germany,Pollution-adjusted GDP growth,1998,2.804059
1233,Germany,Pollution-adjusted GDP growth,1999,2.840541
1234,Germany,Pollution-adjusted GDP growth,2000,3.789594
1235,Germany,Pollution-adjusted GDP growth,2001,2.265701
1236,Germany,Pollution-adjusted GDP growth,2002,0.8627815999999999
1237,Germany,Pollution-adjusted GDP growth,2003,-0.06144404
1238,Germany,Pollution-adjusted GDP growth,2004,1.9807700000000001
1239,Germany,Pollution-adjusted GDP growth,2005,1.558193
1240,Germany,Pollution-adjusted GDP growth,2006,4.127944
1241,Germany,Pollution-adjusted GDP growth,2007,4.315563
1242,Germany,Pollution-adjusted GDP growth,2008,1.397424
1243,Germany,Pollution-adjusted GDP growth,2009,-4.096017
1244,Germany,Pollution-adjusted GDP growth,2010,3.2524900000000003
1245,Germany,Pollution-adjusted GDP growth,2011,4.3613
1246,Germany,Pollution-adjusted GDP growth,2012,0.36299190000000003
1247,Germany,Pollution-adjusted GDP growth,2013,0.0977349
1386,Greece,Pollution-adjusted GDP growth,1991,3.110185
1387,Greece,Pollution-adjusted GDP growth,1992,0.4766241
1388,Greece,Pollution-adjusted GDP growth,1993,-1.485283
1389,Greece,Pollution-adjusted GDP growth,1994,1.664684
1390,Greece,Pollution-adjusted GDP growth,1995,2.140335
1391,Greece,Pollution-adjusted GDP growth,1996,2.514755
1392,Greece,Pollution-adjusted GDP growth,1997,3.8502440000000004
1393,Greece,Pollution-adjusted GDP growth,1998,3.134979
1394,Greece,Pollution-adjusted GDP growth,1999,3.134387
1395,Greece,Pollution-adjusted GDP growth,2000,3.688167
1396,Greece,Pollution-adjusted GDP growth,2001,3.831771
1397,Greece,Pollution-adjusted GDP growth,2002,4.031682
1398,Greece,Pollution-adjusted GDP growth,2003,5.547192
1399,Greece,Pollution-adjusted GDP growth,2004,5.016026
1400,Greece,Pollution-adjusted GDP growth,2005,0.6217018
1401,Greece,Pollution-adjusted GDP growth,2006,5.604680999999999
1402,Greece,Pollution-adjusted GDP growth,2007,3.265348
1403,Greece,Pollution-adjusted GDP growth,2008,-0.09038283
1404,Greece,Pollution-adjusted GDP growth,2009,-3.259178
1405,Greece,Pollution-adjusted GDP growth,2010,-4.158691
1406,Greece,Pollution-adjusted GDP growth,2011,-8.180449000000001
1407,Greece,Pollution-adjusted GDP growth,2012,-6.623264999999999
1408,Greece,Pollution-adjusted GDP growth,2013,-2.831897
1547,Hungary,Pollution-adjusted GDP growth,1992,-0.46777920000000006
1548,Hungary,Pollution-adjusted GDP growth,1993,-0.4202262
1549,Hungary,Pollution-adjusted GDP growth,1994,3.802577
1550,Hungary,Pollution-adjusted GDP growth,1995,1.429074
1551,Hungary,Pollution-adjusted GDP growth,1996,-0.4970239000000001
1552,Hungary,Pollution-adjusted GDP growth,1997,3.8754910000000002
1553,Hungary,Pollution-adjusted GDP growth,1998,4.322596
1554,Hungary,Pollution-adjusted GDP growth,1999,3.07417
1555,Hungary,Pollution-adjusted GDP growth,2000,5.129404
1556,Hungary,Pollution-adjusted GDP growth,2001,3.643788
1557,Hungary,Pollution-adjusted GDP growth,2002,4.704177
1558,Hungary,Pollution-adjusted GDP growth,2003,3.0872450000000002
1559,Hungary,Pollution-adjusted GDP growth,2004,5.676632
1560,Hungary,Pollution-adjusted GDP growth,2005,5.267659
1561,Hungary,Pollution-adjusted GDP growth,2006,4.103118
1562,Hungary,Pollution-adjusted GDP growth,2007,1.045816
1563,Hungary,Pollution-adjusted GDP growth,2008,1.643145
1564,Hungary,Pollution-adjusted GDP growth,2009,-4.835719999999999
1565,Hungary,Pollution-adjusted GDP growth,2010,0.6627253000000001
1566,Hungary,Pollution-adjusted GDP growth,2011,2.722893
1567,Hungary,Pollution-adjusted GDP growth,2012,-0.48706289999999997
1568,Hungary,Pollution-adjusted GDP growth,2013,2.137877
1701,Iceland,Pollution-adjusted GDP growth,1991,-0.22465429999999997
1702,Iceland,Pollution-adjusted GDP growth,1992,-3.7106160000000004
1703,Iceland,Pollution-adjusted GDP growth,1993,1.0411110000000001
1704,Iceland,Pollution-adjusted GDP growth,1994,3.4236699999999995
1705,Iceland,Pollution-adjusted GDP growth,1995,0.8371526
1706,Iceland,Pollution-adjusted GDP growth,1996,4.472029
1707,Iceland,Pollution-adjusted GDP growth,1997,5.579268
1708,Iceland,Pollution-adjusted GDP growth,1998,6.210019
1709,Iceland,Pollution-adjusted GDP growth,1999,3.905958
1710,Iceland,Pollution-adjusted GDP growth,2000,4.744282
1711,Iceland,Pollution-adjusted GDP growth,2001,3.6790309999999997
1712,Iceland,Pollution-adjusted GDP growth,2002,0.3898446
1713,Iceland,Pollution-adjusted GDP growth,2003,2.71354
1714,Iceland,Pollution-adjusted GDP growth,2004,7.918794999999999
1715,Iceland,Pollution-adjusted GDP growth,2005,6.858328
1716,Iceland,Pollution-adjusted GDP growth,2006,3.245518
1717,Iceland,Pollution-adjusted GDP growth,2007,9.181410000000001
1718,Iceland,Pollution-adjusted GDP growth,2008,1.6093110000000002
1719,Iceland,Pollution-adjusted GDP growth,2009,-4.383692
1720,Iceland,Pollution-adjusted GDP growth,2010,-3.203235
1721,Iceland,Pollution-adjusted GDP growth,2011,2.443851
1722,Iceland,Pollution-adjusted GDP growth,2012,1.518434
1723,Iceland,Pollution-adjusted GDP growth,2013,4.044132
1862,Ireland,Pollution-adjusted GDP growth,1991,1.694893
1863,Ireland,Pollution-adjusted GDP growth,1992,3.291214
1864,Ireland,Pollution-adjusted GDP growth,1993,2.664614
1865,Ireland,Pollution-adjusted GDP growth,1994,5.610415
1866,Ireland,Pollution-adjusted GDP growth,1995,9.501006
1867,Ireland,Pollution-adjusted GDP growth,1996,8.881556
1868,Ireland,Pollution-adjusted GDP growth,1997,10.9779
1869,Ireland,Pollution-adjusted GDP growth,1998,8.394701
1870,Ireland,Pollution-adjusted GDP growth,1999,10.989139999999999
1871,Ireland,Pollution-adjusted GDP growth,2000,9.813613
1872,Ireland,Pollution-adjusted GDP growth,2001,5.435246
1873,Ireland,Pollution-adjusted GDP growth,2002,6.2686839999999995
1874,Ireland,Pollution-adjusted GDP growth,2003,3.571593
1875,Ireland,Pollution-adjusted GDP growth,2004,5.078456
1876,Ireland,Pollution-adjusted GDP growth,2005,6.302475
1877,Ireland,Pollution-adjusted GDP growth,2006,6.167676
1878,Ireland,Pollution-adjusted GDP growth,2007,6.398878
1879,Ireland,Pollution-adjusted GDP growth,2008,-2.043814
1880,Ireland,Pollution-adjusted GDP growth,2009,-5.0826400000000005
1881,Ireland,Pollution-adjusted GDP growth,2010,0.8989322
1882,Ireland,Pollution-adjusted GDP growth,2011,2.2279299999999997
1883,Ireland,Pollution-adjusted GDP growth,2012,0.33282340000000005
1884,Ireland,Pollution-adjusted GDP growth,2013,-0.16239460000000003
2023,Italy,Pollution-adjusted GDP growth,1991,1.073744
2024,Italy,Pollution-adjusted GDP growth,1992,1.334578
2025,Italy,Pollution-adjusted GDP growth,1993,-0.647463
2026,Italy,Pollution-adjusted GDP growth,1994,2.154208
2027,Italy,Pollution-adjusted GDP growth,1995,2.203967
2028,Italy,Pollution-adjusted GDP growth,1996,1.177
2029,Italy,Pollution-adjusted GDP growth,1997,1.568811
2030,Italy,Pollution-adjusted GDP growth,1998,1.429553
2031,Italy,Pollution-adjusted GDP growth,1999,1.384334
2032,Italy,Pollution-adjusted GDP growth,2000,3.590214
2033,Italy,Pollution-adjusted GDP growth,2001,2.235732
2034,Italy,Pollution-adjusted GDP growth,2002,0.7424906
2035,Italy,Pollution-adjusted GDP growth,2003,0.35749509999999995
2036,Italy,Pollution-adjusted GDP growth,2004,2.2739279999999997
2037,Italy,Pollution-adjusted GDP growth,2005,1.211783
2038,Italy,Pollution-adjusted GDP growth,2006,2.858582
2039,Italy,Pollution-adjusted GDP growth,2007,1.9646540000000001
2040,Italy,Pollution-adjusted GDP growth,2008,-0.161276
2041,Italy,Pollution-adjusted GDP growth,2009,-4.2386550000000005
2042,Italy,Pollution-adjusted GDP growth,2010,2.0645700000000002
2043,Italy,Pollution-adjusted GDP growth,2011,1.566745
2044,Italy,Pollution-adjusted GDP growth,2012,-0.7650752
2045,Italy,Pollution-adjusted GDP growth,2013,-1.728075
2184,Japan,Pollution-adjusted GDP growth,1991,3.6081730000000003
2185,Japan,Pollution-adjusted GDP growth,1992,1.054235
2186,Japan,Pollution-adjusted GDP growth,1993,0.6620004
2187,Japan,Pollution-adjusted GDP growth,1994,0.8069691
2188,Japan,Pollution-adjusted GDP growth,1995,2.340019
2189,Japan,Pollution-adjusted GDP growth,1996,3.053921
2190,Japan,Pollution-adjusted GDP growth,1997,2.191025
2191,Japan,Pollution-adjusted GDP growth,1998,-1.0032530000000002
2192,Japan,Pollution-adjusted GDP growth,1999,-0.03960925
2193,Japan,Pollution-adjusted GDP growth,2000,2.482056
2194,Japan,Pollution-adjusted GDP growth,2001,1.249414
2195,Japan,Pollution-adjusted GDP growth,2002,0.7479464
2196,Japan,Pollution-adjusted GDP growth,2003,2.0677369999999997
2197,Japan,Pollution-adjusted GDP growth,2004,2.750971
2198,Japan,Pollution-adjusted GDP growth,2005,1.592576
2199,Japan,Pollution-adjusted GDP growth,2006,2.182672
2200,Japan,Pollution-adjusted GDP growth,2007,2.4042830000000004
2201,Japan,Pollution-adjusted GDP growth,2008,-0.03248775
2202,Japan,Pollution-adjusted GDP growth,2009,-4.599552
2203,Japan,Pollution-adjusted GDP growth,2010,4.743386
2204,Japan,Pollution-adjusted GDP growth,2011,-0.3684077
2205,Japan,Pollution-adjusted GDP growth,2012,1.591915
2338,Korea,Pollution-adjusted GDP growth,1991,8.063797000000001
2339,Korea,Pollution-adjusted GDP growth,1992,4.624174
2340,Korea,Pollution-adjusted GDP growth,1993,4.611636
2341,Korea,Pollution-adjusted GDP growth,1994,6.839258
2342,Korea,Pollution-adjusted GDP growth,1995,7.794014999999999
2343,Korea,Pollution-adjusted GDP growth,1996,5.786969
2344,Korea,Pollution-adjusted GDP growth,1997,3.9199309999999996
2345,Korea,Pollution-adjusted GDP growth,1998,-1.6829
2346,Korea,Pollution-adjusted GDP growth,1999,8.993473
2347,Korea,Pollution-adjusted GDP growth,2000,7.034673
2348,Korea,Pollution-adjusted GDP growth,2001,3.642993
2349,Korea,Pollution-adjusted GDP growth,2002,6.658172
2350,Korea,Pollution-adjusted GDP growth,2003,2.5424830000000003
2351,Korea,Pollution-adjusted GDP growth,2004,4.7111410000000005
2352,Korea,Pollution-adjusted GDP growth,2005,4.01984
2353,Korea,Pollution-adjusted GDP growth,2006,4.726761
2354,Korea,Pollution-adjusted GDP growth,2007,4.277563
2355,Korea,Pollution-adjusted GDP growth,2008,2.4447900000000002
2356,Korea,Pollution-adjusted GDP growth,2009,0.7267676
2357,Korea,Pollution-adjusted GDP growth,2010,4.147146
2358,Korea,Pollution-adjusted GDP growth,2011,2.578548
2359,Korea,Pollution-adjusted GDP growth,2012,1.8848099999999999
2360,Korea,Pollution-adjusted GDP growth,2013,2.683618
2499,Luxembourg,Pollution-adjusted GDP growth,1991,7.7216759999999995
2500,Luxembourg,Pollution-adjusted GDP growth,1992,2.38458
2501,Luxembourg,Pollution-adjusted GDP growth,1993,4.071754
2502,Luxembourg,Pollution-adjusted GDP growth,1994,4.400357
2503,Luxembourg,Pollution-adjusted GDP growth,1995,1.484745
2504,Luxembourg,Pollution-adjusted GDP growth,1996,1.4516360000000001
2505,Luxembourg,Pollution-adjusted GDP growth,1997,6.572046
2506,Luxembourg,Pollution-adjusted GDP growth,1998,6.900569
2507,Luxembourg,Pollution-adjusted GDP growth,1999,8.148681
2508,Luxembourg,Pollution-adjusted GDP growth,2000,8.955002
2509,Luxembourg,Pollution-adjusted GDP growth,2001,2.33931
2510,Luxembourg,Pollution-adjusted GDP growth,2002,3.16033
2511,Luxembourg,Pollution-adjusted GDP growth,2003,2.4329259999999997
2512,Luxembourg,Pollution-adjusted GDP growth,2004,3.942624
2513,Luxembourg,Pollution-adjusted GDP growth,2005,3.907636
2514,Luxembourg,Pollution-adjusted GDP growth,2006,5.922178
2515,Luxembourg,Pollution-adjusted GDP growth,2007,8.452577
2516,Luxembourg,Pollution-adjusted GDP growth,2008,-0.3088436
2517,Luxembourg,Pollution-adjusted GDP growth,2009,-4.825495
2518,Luxembourg,Pollution-adjusted GDP growth,2010,5.32849
2519,Luxembourg,Pollution-adjusted GDP growth,2011,3.732614
2520,Luxembourg,Pollution-adjusted GDP growth,2012,-0.03057235
2521,Luxembourg,Pollution-adjusted GDP growth,2013,5.06349
2660,Mexico,Pollution-adjusted GDP growth,1991,3.519073
2661,Mexico,Pollution-adjusted GDP growth,1992,3.5367050000000004
2662,Mexico,Pollution-adjusted GDP growth,1993,3.4792589999999994
2663,Mexico,Pollution-adjusted GDP growth,1994,2.632959
2664,Mexico,Pollution-adjusted GDP growth,1995,-4.37897
2665,Mexico,Pollution-adjusted GDP growth,1996,4.799076
2666,Mexico,Pollution-adjusted GDP growth,1997,5.457897
2667,Mexico,Pollution-adjusted GDP growth,1998,3.168966
2668,Mexico,Pollution-adjusted GDP growth,1999,3.074145
2669,Mexico,Pollution-adjusted GDP growth,2000,4.083916
2670,Mexico,Pollution-adjusted GDP growth,2001,-0.5463613
2671,Mexico,Pollution-adjusted GDP growth,2002,-0.1833287
2672,Mexico,Pollution-adjusted GDP growth,2003,0.7394421
2673,Mexico,Pollution-adjusted GDP growth,2004,2.4209400000000003
2674,Mexico,Pollution-adjusted GDP growth,2005,3.001353
2675,Mexico,Pollution-adjusted GDP growth,2006,3.557136
2676,Mexico,Pollution-adjusted GDP growth,2007,1.967599
2677,Mexico,Pollution-adjusted GDP growth,2008,-0.05913472
2678,Mexico,Pollution-adjusted GDP growth,2009,-4.2400970000000004
2679,Mexico,Pollution-adjusted GDP growth,2010,4.761642
2680,Mexico,Pollution-adjusted GDP growth,2011,3.255379
2681,Mexico,Pollution-adjusted GDP growth,2012,3.7735849999999997
2682,Mexico,Pollution-adjusted GDP growth,2013,1.247048
2821,Netherlands,Pollution-adjusted GDP growth,1991,2.0492
2822,Netherlands,Pollution-adjusted GDP growth,1992,1.973238
2823,Netherlands,Pollution-adjusted GDP growth,1993,1.27247
2824,Netherlands,Pollution-adjusted GDP growth,1994,3.373536
2825,Netherlands,Pollution-adjusted GDP growth,1995,3.115544
2826,Netherlands,Pollution-adjusted GDP growth,1996,3.3282089999999998
2827,Netherlands,Pollution-adjusted GDP growth,1997,5.284468
2828,Netherlands,Pollution-adjusted GDP growth,1998,5.197205
2829,Netherlands,Pollution-adjusted GDP growth,1999,5.765586
2830,Netherlands,Pollution-adjusted GDP growth,2000,5.347958
2831,Netherlands,Pollution-adjusted GDP growth,2001,2.697187
2832,Netherlands,Pollution-adjusted GDP growth,2002,1.083893
2833,Netherlands,Pollution-adjusted GDP growth,2003,1.159892
2834,Netherlands,Pollution-adjusted GDP growth,2004,2.100507
2835,Netherlands,Pollution-adjusted GDP growth,2005,2.462844
2836,Netherlands,Pollution-adjusted GDP growth,2006,4.019741000000001
2837,Netherlands,Pollution-adjusted GDP growth,2007,3.900094
2838,Netherlands,Pollution-adjusted GDP growth,2008,1.672147
2839,Netherlands,Pollution-adjusted GDP growth,2009,-2.7338459999999998
2840,Netherlands,Pollution-adjusted GDP growth,2010,0.9833423000000001
2841,Netherlands,Pollution-adjusted GDP growth,2011,2.780396
2842,Netherlands,Pollution-adjusted GDP growth,2012,-1.292337
2843,Netherlands,Pollution-adjusted GDP growth,2013,-0.6560676
2982,New Zealand,Pollution-adjusted GDP growth,1991,-2.815815
2983,New Zealand,Pollution-adjusted GDP growth,1992,0.7071264
2984,New Zealand,Pollution-adjusted GDP growth,1993,5.60278
2985,New Zealand,Pollution-adjusted GDP growth,1994,5.039716
2986,New Zealand,Pollution-adjusted GDP growth,1995,4.582308
2987,New Zealand,Pollution-adjusted GDP growth,1996,4.347125
2988,New Zealand,Pollution-adjusted GDP growth,1997,1.125297
2989,New Zealand,Pollution-adjusted GDP growth,1998,0.7382633000000001
2990,New Zealand,Pollution-adjusted GDP growth,1999,4.378855000000001
2991,New Zealand,Pollution-adjusted GDP growth,2000,3.007932
2992,New Zealand,Pollution-adjusted GDP growth,2001,2.641771
2993,New Zealand,Pollution-adjusted GDP growth,2002,5.643838
2994,New Zealand,Pollution-adjusted GDP growth,2003,3.6730419999999997
2995,New Zealand,Pollution-adjusted GDP growth,2004,4.615715
2996,New Zealand,Pollution-adjusted GDP growth,2005,3.0743549999999997
2997,New Zealand,Pollution-adjusted GDP growth,2006,2.323416
2998,New Zealand,Pollution-adjusted GDP growth,2007,3.1500790000000003
2999,New Zealand,Pollution-adjusted GDP growth,2008,0.7777513
3000,New Zealand,Pollution-adjusted GDP growth,2009,-1.7945810000000002
3001,New Zealand,Pollution-adjusted GDP growth,2010,1.880914
3002,New Zealand,Pollution-adjusted GDP growth,2011,2.1573860000000002
3003,New Zealand,Pollution-adjusted GDP growth,2012,2.339057
3004,New Zealand,Pollution-adjusted GDP growth,2013,1.2360229999999999
3143,Norway,Pollution-adjusted GDP growth,1991,3.194274
3144,Norway,Pollution-adjusted GDP growth,1992,3.411424
3145,Norway,Pollution-adjusted GDP growth,1993,2.647017
3146,Norway,Pollution-adjusted GDP growth,1994,4.818058000000001
3147,Norway,Pollution-adjusted GDP growth,1995,4.218291000000001
3148,Norway,Pollution-adjusted GDP growth,1996,4.748558999999999
3149,Norway,Pollution-adjusted GDP growth,1997,5.277821
3150,Norway,Pollution-adjusted GDP growth,1998,2.780982
3151,Norway,Pollution-adjusted GDP growth,1999,2.0484139999999997
3152,Norway,Pollution-adjusted GDP growth,2000,3.179076
3153,Norway,Pollution-adjusted GDP growth,2001,1.860466
3154,Norway,Pollution-adjusted GDP growth,2002,2.157235
3155,Norway,Pollution-adjusted GDP growth,2003,1.28902
3156,Norway,Pollution-adjusted GDP growth,2004,4.471292
3157,Norway,Pollution-adjusted GDP growth,2005,3.741117
3158,Norway,Pollution-adjusted GDP growth,2006,3.083688
3159,Norway,Pollution-adjusted GDP growth,2007,2.777788
3160,Norway,Pollution-adjusted GDP growth,2008,1.389721
3161,Norway,Pollution-adjusted GDP growth,2009,-0.9810190000000001
3162,Norway,Pollution-adjusted GDP growth,2010,0.3234628
3163,Norway,Pollution-adjusted GDP growth,2011,1.415095
3164,Norway,Pollution-adjusted GDP growth,2012,2.799925
3165,Norway,Pollution-adjusted GDP growth,2013,0.8607860999999999
3304,Poland,Pollution-adjusted GDP growth,1991,-6.998450999999999
3305,Poland,Pollution-adjusted GDP growth,1992,2.730443
3306,Poland,Pollution-adjusted GDP growth,1993,4.00746
3307,Poland,Pollution-adjusted GDP growth,1994,4.952125
3308,Poland,Pollution-adjusted GDP growth,1995,7.695467999999999
3309,Poland,Pollution-adjusted GDP growth,1996,6.092816
3310,Poland,Pollution-adjusted GDP growth,1997,7.255992
3311,Poland,Pollution-adjusted GDP growth,1998,5.458199
3312,Poland,Pollution-adjusted GDP growth,1999,4.564107
3313,Poland,Pollution-adjusted GDP growth,2000,4.731153
3314,Poland,Pollution-adjusted GDP growth,2001,1.271458
3315,Poland,Pollution-adjusted GDP growth,2002,1.57399
3316,Poland,Pollution-adjusted GDP growth,2003,3.494143
3317,Poland,Pollution-adjusted GDP growth,2004,4.926080000000001
3318,Poland,Pollution-adjusted GDP growth,2005,3.634238
3319,Poland,Pollution-adjusted GDP growth,2006,5.68575
3320,Poland,Pollution-adjusted GDP growth,2007,7.304902
3321,Poland,Pollution-adjusted GDP growth,2008,3.8178620000000003
3322,Poland,Pollution-adjusted GDP growth,2009,2.888874
3323,Poland,Pollution-adjusted GDP growth,2010,3.283782
3324,Poland,Pollution-adjusted GDP growth,2011,5.131661
3325,Poland,Pollution-adjusted GDP growth,2012,1.661419
3326,Poland,Pollution-adjusted GDP growth,2013,1.281295
3465,Portugal,Pollution-adjusted GDP growth,1996,3.891667
3466,Portugal,Pollution-adjusted GDP growth,1997,4.025464
3467,Portugal,Pollution-adjusted GDP growth,1998,4.3721760000000005
3468,Portugal,Pollution-adjusted GDP growth,1999,3.176403
3469,Portugal,Pollution-adjusted GDP growth,2000,3.877047
3470,Portugal,Pollution-adjusted GDP growth,2001,1.878845
3471,Portugal,Pollution-adjusted GDP growth,2002,-0.07413071
3472,Portugal,Pollution-adjusted GDP growth,2003,-0.6662385000000001
3473,Portugal,Pollution-adjusted GDP growth,2004,1.537583
3474,Portugal,Pollution-adjusted GDP growth,2005,-0.02191193
3475,Portugal,Pollution-adjusted GDP growth,2006,1.7181939999999998
3476,Portugal,Pollution-adjusted GDP growth,2007,2.537156
3477,Portugal,Pollution-adjusted GDP growth,2008,0.240852
3478,Portugal,Pollution-adjusted GDP growth,2009,-2.451565
3479,Portugal,Pollution-adjusted GDP growth,2010,2.2547330000000003
3480,Portugal,Pollution-adjusted GDP growth,2011,-0.5827869000000001
3577,Slovak Republic,Pollution-adjusted GDP growth,1993,3.323085
3578,Slovak Republic,Pollution-adjusted GDP growth,1994,6.7563949999999995
3579,Slovak Republic,Pollution-adjusted GDP growth,1995,4.944394
3580,Slovak Republic,Pollution-adjusted GDP growth,1996,6.875487
3581,Slovak Republic,Pollution-adjusted GDP growth,1997,7.316198
3582,Slovak Republic,Pollution-adjusted GDP growth,1998,3.4929230000000002
3583,Slovak Republic,Pollution-adjusted GDP growth,1999,-0.29423590000000005
3584,Slovak Republic,Pollution-adjusted GDP growth,2000,2.4877849999999997
3585,Slovak Republic,Pollution-adjusted GDP growth,2001,2.373132
3586,Slovak Republic,Pollution-adjusted GDP growth,2002,3.29986
3587,Slovak Republic,Pollution-adjusted GDP growth,2003,5.605385
3588,Slovak Republic,Pollution-adjusted GDP growth,2004,5.416325
3589,Slovak Republic,Pollution-adjusted GDP growth,2005,7.024734
3590,Slovak Republic,Pollution-adjusted GDP growth,2006,8.454874
3591,Slovak Republic,Pollution-adjusted GDP growth,2007,11.7222
3592,Slovak Republic,Pollution-adjusted GDP growth,2008,5.417969
3593,Slovak Republic,Pollution-adjusted GDP growth,2009,-3.7650699999999997
3594,Slovak Republic,Pollution-adjusted GDP growth,2010,5.328893
3595,Slovak Republic,Pollution-adjusted GDP growth,2011,2.3828549999999997
3596,Slovak Republic,Pollution-adjusted GDP growth,2012,2.386556
3597,Slovak Republic,Pollution-adjusted GDP growth,2013,1.5583
3724,Spain,Pollution-adjusted GDP growth,1991,2.0128369999999998
3725,Spain,Pollution-adjusted GDP growth,1992,0.45020600000000005
3726,Spain,Pollution-adjusted GDP growth,1993,-0.6660478
3727,Spain,Pollution-adjusted GDP growth,1994,1.8523580000000002
3728,Spain,Pollution-adjusted GDP growth,1995,2.460242
3729,Spain,Pollution-adjusted GDP growth,1996,1.9737419999999999
3730,Spain,Pollution-adjusted GDP growth,1997,3.104806
3731,Spain,Pollution-adjusted GDP growth,1998,3.637857
3732,Spain,Pollution-adjusted GDP growth,1999,4.109214
3733,Spain,Pollution-adjusted GDP growth,2000,4.796517
3734,Spain,Pollution-adjusted GDP growth,2001,3.729868
3735,Spain,Pollution-adjusted GDP growth,2002,2.756427
3736,Spain,Pollution-adjusted GDP growth,2003,3.055809
3737,Spain,Pollution-adjusted GDP growth,2004,3.195175
3738,Spain,Pollution-adjusted GDP growth,2005,3.78736
3739,Spain,Pollution-adjusted GDP growth,2006,4.397291
3740,Spain,Pollution-adjusted GDP growth,2007,3.6038959999999998
3741,Spain,Pollution-adjusted GDP growth,2008,2.175256
3742,Spain,Pollution-adjusted GDP growth,2009,-3.067314
3743,Spain,Pollution-adjusted GDP growth,2010,0.703886
3744,Spain,Pollution-adjusted GDP growth,2011,-0.3565354
3745,Spain,Pollution-adjusted GDP growth,2012,-1.6980650000000002
3746,Spain,Pollution-adjusted GDP growth,2013,-1.049181
3885,Sweden,Pollution-adjusted GDP growth,1991,-1.028929
3886,Sweden,Pollution-adjusted GDP growth,1992,-0.95791
3887,Sweden,Pollution-adjusted GDP growth,1993,-1.636249
3888,Sweden,Pollution-adjusted GDP growth,1994,3.8750129999999996
3889,Sweden,Pollution-adjusted GDP growth,1995,4.418022000000001
3890,Sweden,Pollution-adjusted GDP growth,1996,1.159601
3891,Sweden,Pollution-adjusted GDP growth,1997,3.8032839999999997
3892,Sweden,Pollution-adjusted GDP growth,1998,4.451455
3893,Sweden,Pollution-adjusted GDP growth,1999,5.231148
3894,Sweden,Pollution-adjusted GDP growth,2000,5.297954
3895,Sweden,Pollution-adjusted GDP growth,2001,1.6627990000000001
3896,Sweden,Pollution-adjusted GDP growth,2002,2.259299
3897,Sweden,Pollution-adjusted GDP growth,2003,2.432086
3898,Sweden,Pollution-adjusted GDP growth,2004,4.49768
3899,Sweden,Pollution-adjusted GDP growth,2005,3.3691379999999995
3900,Sweden,Pollution-adjusted GDP growth,2006,4.850306
3901,Sweden,Pollution-adjusted GDP growth,2007,3.856553
3902,Sweden,Pollution-adjusted GDP growth,2008,0.05423641
3903,Sweden,Pollution-adjusted GDP growth,2009,-4.569903
3904,Sweden,Pollution-adjusted GDP growth,2010,5.157902
3905,Sweden,Pollution-adjusted GDP growth,2011,3.302741
3906,Sweden,Pollution-adjusted GDP growth,2012,0.37950700000000004
3907,Sweden,Pollution-adjusted GDP growth,2013,1.541947
4046,Switzerland,Pollution-adjusted GDP growth,1991,-1.251915
4047,Switzerland,Pollution-adjusted GDP growth,1992,0.2697418
4048,Switzerland,Pollution-adjusted GDP growth,1993,0.6370799
4049,Switzerland,Pollution-adjusted GDP growth,1994,1.584797
4050,Switzerland,Pollution-adjusted GDP growth,1995,0.36295559999999993
4051,Switzerland,Pollution-adjusted GDP growth,1996,0.6190336
4052,Switzerland,Pollution-adjusted GDP growth,1997,2.752386
4053,Switzerland,Pollution-adjusted GDP growth,1998,2.809682
4054,Switzerland,Pollution-adjusted GDP growth,1999,1.9590599999999998
4055,Switzerland,Pollution-adjusted GDP growth,2000,4.404737
4056,Switzerland,Pollution-adjusted GDP growth,2001,1.564455
4057,Switzerland,Pollution-adjusted GDP growth,2002,0.8717514999999999
4058,Switzerland,Pollution-adjusted GDP growth,2003,0.48501769999999994
4059,Switzerland,Pollution-adjusted GDP growth,2004,3.198597
4060,Switzerland,Pollution-adjusted GDP growth,2005,3.12233
4061,Switzerland,Pollution-adjusted GDP growth,2006,4.230111
4062,Switzerland,Pollution-adjusted GDP growth,2007,4.667299
4063,Switzerland,Pollution-adjusted GDP growth,2008,1.835836
4064,Switzerland,Pollution-adjusted GDP growth,2009,-1.559677
4065,Switzerland,Pollution-adjusted GDP growth,2010,2.7685169999999997
4066,Switzerland,Pollution-adjusted GDP growth,2011,2.8760380000000003
4067,Switzerland,Pollution-adjusted GDP growth,2012,1.159929
4068,Switzerland,Pollution-adjusted GDP growth,2013,1.6432419999999999
4207,Turkey,Pollution-adjusted GDP growth,1991,-0.5001884
4208,Turkey,Pollution-adjusted GDP growth,1992,4.098343
4209,Turkey,Pollution-adjusted GDP growth,1993,6.271529
4210,Turkey,Pollution-adjusted GDP growth,1994,-4.40204
4211,Turkey,Pollution-adjusted GDP growth,1995,5.865456
4212,Turkey,Pollution-adjusted GDP growth,1996,4.799011
4213,Turkey,Pollution-adjusted GDP growth,1997,5.878117
4214,Turkey,Pollution-adjusted GDP growth,1998,2.4134830000000003
4215,Turkey,Pollution-adjusted GDP growth,1999,-3.2849160000000004
4216,Turkey,Pollution-adjusted GDP growth,2000,4.124651999999999
4217,Turkey,Pollution-adjusted GDP growth,2001,-3.50052
4218,Turkey,Pollution-adjusted GDP growth,2002,4.954233
4219,Turkey,Pollution-adjusted GDP growth,2003,3.431571
4220,Turkey,Pollution-adjusted GDP growth,2004,8.163217
4221,Turkey,Pollution-adjusted GDP growth,2005,6.801664
4222,Turkey,Pollution-adjusted GDP growth,2006,5.225849
4223,Turkey,Pollution-adjusted GDP growth,2007,1.8315029999999999
4224,Turkey,Pollution-adjusted GDP growth,2008,1.602195
4225,Turkey,Pollution-adjusted GDP growth,2009,-5.257169
4226,Turkey,Pollution-adjusted GDP growth,2010,6.879632000000001
4227,Turkey,Pollution-adjusted GDP growth,2011,7.347377000000001
4228,Turkey,Pollution-adjusted GDP growth,2012,1.089596
4361,United Kingdom,Pollution-adjusted GDP growth,1991,-1.280442
4362,United Kingdom,Pollution-adjusted GDP growth,1992,1.282275
4363,United Kingdom,Pollution-adjusted GDP growth,1993,3.043139
4364,United Kingdom,Pollution-adjusted GDP growth,1994,5.239546
4365,United Kingdom,Pollution-adjusted GDP growth,1995,4.023149
4366,United Kingdom,Pollution-adjusted GDP growth,1996,2.398564
4367,United Kingdom,Pollution-adjusted GDP growth,1997,3.203147
4368,United Kingdom,Pollution-adjusted GDP growth,1998,3.4868019999999995
4369,United Kingdom,Pollution-adjusted GDP growth,1999,3.6219099999999997
4370,United Kingdom,Pollution-adjusted GDP growth,2000,4.0410449999999996
4371,United Kingdom,Pollution-adjusted GDP growth,2001,2.965307
4372,United Kingdom,Pollution-adjusted GDP growth,2002,3.126252
4373,United Kingdom,Pollution-adjusted GDP growth,2003,4.2255910000000005
4374,United Kingdom,Pollution-adjusted GDP growth,2004,3.017621
4375,United Kingdom,Pollution-adjusted GDP growth,2005,3.211263
4376,United Kingdom,Pollution-adjusted GDP growth,2006,2.999115
4377,United Kingdom,Pollution-adjusted GDP growth,2007,2.983866
4378,United Kingdom,Pollution-adjusted GDP growth,2008,0.38863179999999997
4379,United Kingdom,Pollution-adjusted GDP growth,2009,-2.9751950000000003
4380,United Kingdom,Pollution-adjusted GDP growth,2010,2.0951
4381,United Kingdom,Pollution-adjusted GDP growth,2011,2.53554
4382,United Kingdom,Pollution-adjusted GDP growth,2012,0.4994107
4383,United Kingdom,Pollution-adjusted GDP growth,2013,1.442979
4522,United States,Pollution-adjusted GDP growth,1991,0.02979713
4523,United States,Pollution-adjusted GDP growth,1992,3.44425
4524,United States,Pollution-adjusted GDP growth,1993,2.702117
4525,United States,Pollution-adjusted GDP growth,1994,3.956275
4526,United States,Pollution-adjusted GDP growth,1995,2.733407
4527,United States,Pollution-adjusted GDP growth,1996,4.086842
4528,United States,Pollution-adjusted GDP growth,1997,4.486234
4529,United States,Pollution-adjusted GDP growth,1998,4.594411
4530,United States,Pollution-adjusted GDP growth,1999,4.7626040000000005
4531,United States,Pollution-adjusted GDP growth,2000,4.069918
4532,United States,Pollution-adjusted GDP growth,2001,1.162591
4533,United States,Pollution-adjusted GDP growth,2002,1.6606
4534,United States,Pollution-adjusted GDP growth,2003,2.8225759999999998
4535,United States,Pollution-adjusted GDP growth,2004,3.776501
4536,United States,Pollution-adjusted GDP growth,2005,3.417038
4537,United States,Pollution-adjusted GDP growth,2006,2.708914
4538,United States,Pollution-adjusted GDP growth,2007,1.60385
4539,United States,Pollution-adjusted GDP growth,2008,0.22591190000000003
4540,United States,Pollution-adjusted GDP growth,2009,-2.213494
4541,United States,Pollution-adjusted GDP growth,2010,2.22273
4542,United States,Pollution-adjusted GDP growth,2011,1.8887919999999998
4543,United States,Pollution-adjusted GDP growth,2012,2.649059
4544,United States,Pollution-adjusted GDP growth,2013,2.17525
4683,Argentina,Pollution-adjusted GDP growth,1991,12.37128
4684,Argentina,Pollution-adjusted GDP growth,1992,11.57468
4685,Argentina,Pollution-adjusted GDP growth,1993,5.609849
4686,Argentina,Pollution-adjusted GDP growth,1994,5.667768
4687,Argentina,Pollution-adjusted GDP growth,1995,-3.184607
4688,Argentina,Pollution-adjusted GDP growth,1996,5.05837
4689,Argentina,Pollution-adjusted GDP growth,1997,7.680911999999999
4690,Argentina,Pollution-adjusted GDP growth,1998,3.7189669999999997
4691,Argentina,Pollution-adjusted GDP growth,1999,-3.398417
4692,Argentina,Pollution-adjusted GDP growth,2000,-0.4466825
4693,Argentina,Pollution-adjusted GDP growth,2001,-3.6170699999999996
4694,Argentina,Pollution-adjusted GDP growth,2002,-10.71292
4695,Argentina,Pollution-adjusted GDP growth,2003,8.346542
4696,Argentina,Pollution-adjusted GDP growth,2004,8.035806
4697,Argentina,Pollution-adjusted GDP growth,2005,8.647704
4698,Argentina,Pollution-adjusted GDP growth,2006,8.232965
4699,Argentina,Pollution-adjusted GDP growth,2007,7.776228
4700,Argentina,Pollution-adjusted GDP growth,2008,3.508168
4701,Argentina,Pollution-adjusted GDP growth,2009,0.7489234
4702,Argentina,Pollution-adjusted GDP growth,2010,10.12882
4703,Argentina,Pollution-adjusted GDP growth,2011,8.490707
4704,Argentina,Pollution-adjusted GDP growth,2012,0.4896284000000001
4837,Brazil,Pollution-adjusted GDP growth,1991,0.8931667999999999
4838,Brazil,Pollution-adjusted GDP growth,1992,-0.6999668000000001
4839,Brazil,Pollution-adjusted GDP growth,1993,4.5189129999999995
4840,Brazil,Pollution-adjusted GDP growth,1994,5.081138
4841,Brazil,Pollution-adjusted GDP growth,1995,4.018178
4842,Brazil,Pollution-adjusted GDP growth,1996,1.1951319999999999
4843,Brazil,Pollution-adjusted GDP growth,1997,2.3837349999999997
4844,Brazil,Pollution-adjusted GDP growth,1998,0.02392423
4845,Brazil,Pollution-adjusted GDP growth,1999,0.28956309999999996
4846,Brazil,Pollution-adjusted GDP growth,2000,4.319812000000001
4847,Brazil,Pollution-adjusted GDP growth,2001,1.007567
4848,Brazil,Pollution-adjusted GDP growth,2002,2.529975
4849,Brazil,Pollution-adjusted GDP growth,2003,0.6613098000000001
4850,Brazil,Pollution-adjusted GDP growth,2004,4.444329
4851,Brazil,Pollution-adjusted GDP growth,2005,3.3784
4852,Brazil,Pollution-adjusted GDP growth,2006,4.493205000000001
4853,Brazil,Pollution-adjusted GDP growth,2007,5.80211
4854,Brazil,Pollution-adjusted GDP growth,2008,4.8913199999999994
4855,Brazil,Pollution-adjusted GDP growth,2009,-0.6553914000000001
4856,Brazil,Pollution-adjusted GDP growth,2010,7.146742
4857,Brazil,Pollution-adjusted GDP growth,2011,3.436389
4858,Brazil,Pollution-adjusted GDP growth,2012,1.0895920000000001
4859,Brazil,Pollution-adjusted GDP growth,2013,2.480877
4998,Bulgaria,Pollution-adjusted GDP growth,1995,2.8117650000000003
4999,Bulgaria,Pollution-adjusted GDP growth,1996,1.889399
5000,Bulgaria,Pollution-adjusted GDP growth,1997,-1.0161719999999999
5001,Bulgaria,Pollution-adjusted GDP growth,1998,4.245874
5002,Bulgaria,Pollution-adjusted GDP growth,1999,-4.839551
5003,Bulgaria,Pollution-adjusted GDP growth,2000,5.630084
5004,Bulgaria,Pollution-adjusted GDP growth,2001,4.7690269999999995
5005,Bulgaria,Pollution-adjusted GDP growth,2002,5.25701
5006,Bulgaria,Pollution-adjusted GDP growth,2003,4.73519
5007,Bulgaria,Pollution-adjusted GDP growth,2004,5.734678
5008,Bulgaria,Pollution-adjusted GDP growth,2005,7.131556
5009,Bulgaria,Pollution-adjusted GDP growth,2006,6.392589
5010,Bulgaria,Pollution-adjusted GDP growth,2007,7.30748
5011,Bulgaria,Pollution-adjusted GDP growth,2008,6.107861
5012,Bulgaria,Pollution-adjusted GDP growth,2009,-3.766056
5013,Bulgaria,Pollution-adjusted GDP growth,2010,-0.003635488
5014,Bulgaria,Pollution-adjusted GDP growth,2011,1.371389
5015,Bulgaria,Pollution-adjusted GDP growth,2012,0.6553866
5016,Bulgaria,Pollution-adjusted GDP growth,2013,2.042943
5131,Chile,Pollution-adjusted GDP growth,1991,7.856344
5132,Chile,Pollution-adjusted GDP growth,1992,11.7776
5133,Chile,Pollution-adjusted GDP growth,1993,6.615024000000001
5134,Chile,Pollution-adjusted GDP growth,1994,5.208325
5135,Chile,Pollution-adjusted GDP growth,1995,10.15489
5136,Chile,Pollution-adjusted GDP growth,1996,6.828147
5137,Chile,Pollution-adjusted GDP growth,1997,6.155956
5138,Chile,Pollution-adjusted GDP growth,1998,3.218138
5139,Chile,Pollution-adjusted GDP growth,1999,-0.8779575999999999
5140,Chile,Pollution-adjusted GDP growth,2000,4.564087000000001
5141,Chile,Pollution-adjusted GDP growth,2001,3.972437
5142,Chile,Pollution-adjusted GDP growth,2002,1.8598970000000001
5143,Chile,Pollution-adjusted GDP growth,2003,4.481571
5144,Chile,Pollution-adjusted GDP growth,2004,5.569183
5145,Chile,Pollution-adjusted GDP growth,2005,5.523231
5146,Chile,Pollution-adjusted GDP growth,2006,3.9788339999999995
5147,Chile,Pollution-adjusted GDP growth,2007,4.695219
5148,Chile,Pollution-adjusted GDP growth,2008,3.258906
5149,Chile,Pollution-adjusted GDP growth,2009,-0.9253713
5150,Chile,Pollution-adjusted GDP growth,2010,5.777005
5151,Chile,Pollution-adjusted GDP growth,2011,5.677615
5152,Chile,Pollution-adjusted GDP growth,2012,5.3078449999999995
5285,China (People's Republic of),Pollution-adjusted GDP growth,1991,8.578602
5286,China (People's Republic of),Pollution-adjusted GDP growth,1992,13.14335
5287,China (People's Republic of),Pollution-adjusted GDP growth,1993,12.92065
5288,China (People's Republic of),Pollution-adjusted GDP growth,1994,11.9716
5289,China (People's Republic of),Pollution-adjusted GDP growth,1995,10.25248
5290,China (People's Republic of),Pollution-adjusted GDP growth,1996,9.343786
5291,China (People's Republic of),Pollution-adjusted GDP growth,1997,8.906639
5292,China (People's Republic of),Pollution-adjusted GDP growth,1998,7.760281
5293,China (People's Republic of),Pollution-adjusted GDP growth,1999,7.560617999999999
5294,China (People's Republic of),Pollution-adjusted GDP growth,2000,8.38919
5295,China (People's Republic of),Pollution-adjusted GDP growth,2001,7.893344
5296,China (People's Republic of),Pollution-adjusted GDP growth,2002,8.105116
5297,China (People's Republic of),Pollution-adjusted GDP growth,2003,8.50736
5298,China (People's Republic of),Pollution-adjusted GDP growth,2004,8.57052
5299,China (People's Republic of),Pollution-adjusted GDP growth,2005,10.02484
5300,China (People's Republic of),Pollution-adjusted GDP growth,2006,11.65462
5301,China (People's Republic of),Pollution-adjusted GDP growth,2007,13.13424
5302,China (People's Republic of),Pollution-adjusted GDP growth,2008,8.836953999999999
5303,China (People's Republic of),Pollution-adjusted GDP growth,2009,8.522658
5304,China (People's Republic of),Pollution-adjusted GDP growth,2010,9.944215
5305,China (People's Republic of),Pollution-adjusted GDP growth,2011,8.961580999999999
5306,China (People's Republic of),Pollution-adjusted GDP growth,2012,7.103049
5307,China (People's Republic of),Pollution-adjusted GDP growth,2013,7.605866000000001
5446,Colombia,Pollution-adjusted GDP growth,1991,1.730305
5447,Colombia,Pollution-adjusted GDP growth,1992,4.564879
5448,Colombia,Pollution-adjusted GDP growth,1993,2.145834
5449,Colombia,Pollution-adjusted GDP growth,1994,5.466182
5450,Colombia,Pollution-adjusted GDP growth,1995,4.931786
5451,Colombia,Pollution-adjusted GDP growth,1996,1.4516799999999999
5452,Colombia,Pollution-adjusted GDP growth,1997,3.2185490000000003
5453,Colombia,Pollution-adjusted GDP growth,1998,1.013725
5454,Colombia,Pollution-adjusted GDP growth,1999,-4.098147
5455,Colombia,Pollution-adjusted GDP growth,2000,4.838075
5456,Colombia,Pollution-adjusted GDP growth,2001,1.492417
5457,Colombia,Pollution-adjusted GDP growth,2002,2.824642
5458,Colombia,Pollution-adjusted GDP growth,2003,3.782798
5459,Colombia,Pollution-adjusted GDP growth,2004,5.356112
5460,Colombia,Pollution-adjusted GDP growth,2005,4.434183
5461,Colombia,Pollution-adjusted GDP growth,2006,6.310203
5462,Colombia,Pollution-adjusted GDP growth,2007,6.043756
5463,Colombia,Pollution-adjusted GDP growth,2008,2.5747240000000002
5464,Colombia,Pollution-adjusted GDP growth,2009,0.8506077
5465,Colombia,Pollution-adjusted GDP growth,2010,3.425125
5466,Colombia,Pollution-adjusted GDP growth,2011,6.264419
5467,Colombia,Pollution-adjusted GDP growth,2012,3.560258
5600,Costa Rica,Pollution-adjusted GDP growth,1991,-0.4668567
5601,Costa Rica,Pollution-adjusted GDP growth,1992,6.974703
5602,Costa Rica,Pollution-adjusted GDP growth,1993,5.203837999999999
5603,Costa Rica,Pollution-adjusted GDP growth,1994,4.723482
5604,Costa Rica,Pollution-adjusted GDP growth,1995,4.001766
5605,Costa Rica,Pollution-adjusted GDP growth,1996,1.597273
5606,Costa Rica,Pollution-adjusted GDP growth,1997,5.425771
5607,Costa Rica,Pollution-adjusted GDP growth,1998,8.033241
5608,Costa Rica,Pollution-adjusted GDP growth,1999,7.747914
5609,Costa Rica,Pollution-adjusted GDP growth,2000,1.7415009999999997
5610,Costa Rica,Pollution-adjusted GDP growth,2001,0.7192994
5611,Costa Rica,Pollution-adjusted GDP growth,2002,2.365904
5612,Costa Rica,Pollution-adjusted GDP growth,2003,5.8841339999999995
5613,Costa Rica,Pollution-adjusted GDP growth,2004,4.2262010000000005
5614,Costa Rica,Pollution-adjusted GDP growth,2005,5.62595
5615,Costa Rica,Pollution-adjusted GDP growth,2006,8.292292999999999
5616,Costa Rica,Pollution-adjusted GDP growth,2007,7.567197
5617,Costa Rica,Pollution-adjusted GDP growth,2008,2.792507
5618,Costa Rica,Pollution-adjusted GDP growth,2009,-0.7464677
5619,Costa Rica,Pollution-adjusted GDP growth,2010,4.593312999999999
5620,Costa Rica,Pollution-adjusted GDP growth,2011,4.035241
5621,Costa Rica,Pollution-adjusted GDP growth,2012,4.915436
5754,Croatia,Pollution-adjusted GDP growth,1996,4.855305
5755,Croatia,Pollution-adjusted GDP growth,1997,5.304298999999999
5756,Croatia,Pollution-adjusted GDP growth,1998,0.4565117
5757,Croatia,Pollution-adjusted GDP growth,1999,-1.472353
5758,Croatia,Pollution-adjusted GDP growth,2000,3.200863
5759,Croatia,Pollution-adjusted GDP growth,2001,2.420804
5760,Croatia,Pollution-adjusted GDP growth,2002,3.4873190000000003
5761,Croatia,Pollution-adjusted GDP growth,2003,4.391108999999999
5762,Croatia,Pollution-adjusted GDP growth,2004,3.3601089999999996
5763,Croatia,Pollution-adjusted GDP growth,2005,3.937502
5764,Croatia,Pollution-adjusted GDP growth,2006,3.512633
5765,Croatia,Pollution-adjusted GDP growth,2007,4.23243
5766,Croatia,Pollution-adjusted GDP growth,2008,1.6554229999999999
5767,Croatia,Pollution-adjusted GDP growth,2009,-6.657339
5768,Croatia,Pollution-adjusted GDP growth,2010,-0.9074744
5769,Croatia,Pollution-adjusted GDP growth,2011,0.24569829999999998
5770,Croatia,Pollution-adjusted GDP growth,2012,-1.8826900000000002
5873,Cyprus,Pollution-adjusted GDP growth,1991,-0.05356658
5874,Cyprus,Pollution-adjusted GDP growth,1992,8.627483
5875,Cyprus,Pollution-adjusted GDP growth,1993,-0.05522197
5876,Cyprus,Pollution-adjusted GDP growth,1994,5.404081
5877,Cyprus,Pollution-adjusted GDP growth,1995,5.553986
5878,Cyprus,Pollution-adjusted GDP growth,1996,1.3923219999999998
5879,Cyprus,Pollution-adjusted GDP growth,1997,1.9894169999999998
5880,Cyprus,Pollution-adjusted GDP growth,1998,4.747564
5881,Cyprus,Pollution-adjusted GDP growth,1999,4.331944
5882,Cyprus,Pollution-adjusted GDP growth,2000,5.48341
5883,Cyprus,Pollution-adjusted GDP growth,2001,3.3942349999999997
5884,Cyprus,Pollution-adjusted GDP growth,2002,2.772189
5885,Cyprus,Pollution-adjusted GDP growth,2003,2.5024740000000003
5886,Cyprus,Pollution-adjusted GDP growth,2004,4.20576
5887,Cyprus,Pollution-adjusted GDP growth,2005,4.177408
5888,Cyprus,Pollution-adjusted GDP growth,2006,4.528969
5889,Cyprus,Pollution-adjusted GDP growth,2007,4.914442
5890,Cyprus,Pollution-adjusted GDP growth,2008,3.487336
5891,Cyprus,Pollution-adjusted GDP growth,2009,-1.921531
5892,Cyprus,Pollution-adjusted GDP growth,2010,1.562224
5893,Cyprus,Pollution-adjusted GDP growth,2011,0.4129281
5894,Cyprus,Pollution-adjusted GDP growth,2012,-2.352827
5895,Cyprus,Pollution-adjusted GDP growth,2013,-5.422492
6034,Estonia,Pollution-adjusted GDP growth,1996,4.672244
6035,Estonia,Pollution-adjusted GDP growth,1997,11.69026
6036,Estonia,Pollution-adjusted GDP growth,1998,5.648223000000001
6037,Estonia,Pollution-adjusted GDP growth,1999,0.06947631
6038,Estonia,Pollution-adjusted GDP growth,2000,10.713510000000001
6039,Estonia,Pollution-adjusted GDP growth,2001,6.032622
6040,Estonia,Pollution-adjusted GDP growth,2002,6.627696
6041,Estonia,Pollution-adjusted GDP growth,2003,6.261211
6042,Estonia,Pollution-adjusted GDP growth,2004,6.060601
6043,Estonia,Pollution-adjusted GDP growth,2005,10.15691
6044,Estonia,Pollution-adjusted GDP growth,2006,10.8295
6045,Estonia,Pollution-adjusted GDP growth,2007,5.820246
6046,Estonia,Pollution-adjusted GDP growth,2008,-4.4521370000000005
6047,Estonia,Pollution-adjusted GDP growth,2009,-12.52109
6048,Estonia,Pollution-adjusted GDP growth,2010,-0.09473014
6049,Estonia,Pollution-adjusted GDP growth,2011,7.611000000000001
6050,Estonia,Pollution-adjusted GDP growth,2012,5.801613
6051,Estonia,Pollution-adjusted GDP growth,2013,1.7258810000000002
6160,India,Pollution-adjusted GDP growth,1991,0.2154109
6161,India,Pollution-adjusted GDP growth,1992,4.483756
6162,India,Pollution-adjusted GDP growth,1993,3.7403730000000004
6163,India,Pollution-adjusted GDP growth,1994,5.499647
6164,India,Pollution-adjusted GDP growth,1995,6.343299
6165,India,Pollution-adjusted GDP growth,1996,6.47653
6166,India,Pollution-adjusted GDP growth,1997,3.3519940000000004
6167,India,Pollution-adjusted GDP growth,1998,5.1442559999999995
6168,India,Pollution-adjusted GDP growth,1999,8.145632
6169,India,Pollution-adjusted GDP growth,2000,3.0579330000000002
6170,India,Pollution-adjusted GDP growth,2001,4.490323
6171,India,Pollution-adjusted GDP growth,2002,3.135823
6172,India,Pollution-adjusted GDP growth,2003,6.961105
6173,India,Pollution-adjusted GDP growth,2004,6.956411999999999
6174,India,Pollution-adjusted GDP growth,2005,8.168315
6175,India,Pollution-adjusted GDP growth,2006,8.067115
6176,India,Pollution-adjusted GDP growth,2007,8.506826
6177,India,Pollution-adjusted GDP growth,2008,2.4738729999999998
6178,India,Pollution-adjusted GDP growth,2009,7.260031
6179,India,Pollution-adjusted GDP growth,2010,9.242218
6180,India,Pollution-adjusted GDP growth,2011,5.626256
6181,India,Pollution-adjusted GDP growth,2012,4.162033999999999
6182,India,Pollution-adjusted GDP growth,2013,6.254253
6321,Indonesia,Pollution-adjusted GDP growth,1991,7.859949
6322,Indonesia,Pollution-adjusted GDP growth,1992,6.7876259999999995
6323,Indonesia,Pollution-adjusted GDP growth,1993,7.240147
6324,Indonesia,Pollution-adjusted GDP growth,1994,7.201005
6325,Indonesia,Pollution-adjusted GDP growth,1995,8.791121
6326,Indonesia,Pollution-adjusted GDP growth,1996,3.630492
6327,Indonesia,Pollution-adjusted GDP growth,1997,3.934668
6328,Indonesia,Pollution-adjusted GDP growth,1998,-13.2264
6329,Indonesia,Pollution-adjusted GDP growth,1999,3.351714
6330,Indonesia,Pollution-adjusted GDP growth,2000,5.241098
6331,Indonesia,Pollution-adjusted GDP growth,2001,2.021968
6332,Indonesia,Pollution-adjusted GDP growth,2002,3.615067
6333,Indonesia,Pollution-adjusted GDP growth,2003,4.033137
6334,Indonesia,Pollution-adjusted GDP growth,2004,5.9020660000000005
6335,Indonesia,Pollution-adjusted GDP growth,2005,3.6055870000000003
6336,Indonesia,Pollution-adjusted GDP growth,2006,5.895938
6337,Indonesia,Pollution-adjusted GDP growth,2007,7.366713000000001
6338,Indonesia,Pollution-adjusted GDP growth,2008,7.0065610000000005
6339,Indonesia,Pollution-adjusted GDP growth,2009,4.5521650000000005
6340,Indonesia,Pollution-adjusted GDP growth,2010,6.007207
6341,Indonesia,Pollution-adjusted GDP growth,2011,6.547551
6342,Indonesia,Pollution-adjusted GDP growth,2012,5.9118949999999995
6475,Israel,Pollution-adjusted GDP growth,1991,7.039138
6476,Israel,Pollution-adjusted GDP growth,1992,4.727321
6477,Israel,Pollution-adjusted GDP growth,1993,4.452449
6478,Israel,Pollution-adjusted GDP growth,1994,5.904351
6479,Israel,Pollution-adjusted GDP growth,1995,21.015439999999998
6480,Israel,Pollution-adjusted GDP growth,1996,5.61373
6481,Israel,Pollution-adjusted GDP growth,1997,3.8427629999999997
6482,Israel,Pollution-adjusted GDP growth,1998,4.120374
6483,Israel,Pollution-adjusted GDP growth,1999,3.4976540000000003
6484,Israel,Pollution-adjusted GDP growth,2000,8.853714
6485,Israel,Pollution-adjusted GDP growth,2001,0.08697069
6486,Israel,Pollution-adjusted GDP growth,2002,-0.1565184
6487,Israel,Pollution-adjusted GDP growth,2003,1.0574290000000002
6488,Israel,Pollution-adjusted GDP growth,2004,5.236863
6489,Israel,Pollution-adjusted GDP growth,2005,4.498213
6490,Israel,Pollution-adjusted GDP growth,2006,5.704321
6491,Israel,Pollution-adjusted GDP growth,2007,5.9336400000000005
6492,Israel,Pollution-adjusted GDP growth,2008,3.21421
6493,Israel,Pollution-adjusted GDP growth,2009,1.875666
6494,Israel,Pollution-adjusted GDP growth,2010,5.102074
6495,Israel,Pollution-adjusted GDP growth,2011,4.823713
6496,Israel,Pollution-adjusted GDP growth,2012,2.938543
6497,Israel,Pollution-adjusted GDP growth,2013,3.165043
6636,Latvia,Pollution-adjusted GDP growth,1997,10.18409
6637,Latvia,Pollution-adjusted GDP growth,1998,7.4771160000000005
6638,Latvia,Pollution-adjusted GDP growth,1999,3.86179
6639,Latvia,Pollution-adjusted GDP growth,2000,6.8595820000000005
6640,Latvia,Pollution-adjusted GDP growth,2001,5.283862999999999
6641,Latvia,Pollution-adjusted GDP growth,2002,7.0637929999999995
6642,Latvia,Pollution-adjusted GDP growth,2003,7.915366000000001
6643,Latvia,Pollution-adjusted GDP growth,2004,8.764358
6644,Latvia,Pollution-adjusted GDP growth,2005,10.57068
6645,Latvia,Pollution-adjusted GDP growth,2006,10.86417
6646,Latvia,Pollution-adjusted GDP growth,2007,9.452525999999999
6647,Latvia,Pollution-adjusted GDP growth,2008,-2.76267
6648,Latvia,Pollution-adjusted GDP growth,2009,-12.93336
6649,Latvia,Pollution-adjusted GDP growth,2010,-6.063768
6650,Latvia,Pollution-adjusted GDP growth,2011,7.420711
6651,Latvia,Pollution-adjusted GDP growth,2012,4.771615
6652,Latvia,Pollution-adjusted GDP growth,2013,3.170352
6755,Lithuania,Pollution-adjusted GDP growth,1997,8.102655
6756,Lithuania,Pollution-adjusted GDP growth,1998,7.897761999999999
6757,Lithuania,Pollution-adjusted GDP growth,1999,1.6113540000000002
6758,Lithuania,Pollution-adjusted GDP growth,2000,6.296965
6759,Lithuania,Pollution-adjusted GDP growth,2001,4.919271
6760,Lithuania,Pollution-adjusted GDP growth,2002,5.98554
6761,Lithuania,Pollution-adjusted GDP growth,2003,10.1501
6762,Lithuania,Pollution-adjusted GDP growth,2004,6.786778999999999
6763,Lithuania,Pollution-adjusted GDP growth,2005,6.912484
6764,Lithuania,Pollution-adjusted GDP growth,2006,6.900028
6765,Lithuania,Pollution-adjusted GDP growth,2007,9.936115
6766,Lithuania,Pollution-adjusted GDP growth,2008,3.342168
6767,Lithuania,Pollution-adjusted GDP growth,2009,-12.41865
6768,Lithuania,Pollution-adjusted GDP growth,2010,1.140498
6769,Lithuania,Pollution-adjusted GDP growth,2011,6.5788720000000005
6770,Lithuania,Pollution-adjusted GDP growth,2012,3.8241959999999997
6771,Lithuania,Pollution-adjusted GDP growth,2013,3.875225
6874,Malta,Pollution-adjusted GDP growth,1991,5.09514
6875,Malta,Pollution-adjusted GDP growth,1992,3.863124
6876,Malta,Pollution-adjusted GDP growth,1993,3.7364230000000003
6877,Malta,Pollution-adjusted GDP growth,1994,4.582872
6878,Malta,Pollution-adjusted GDP growth,1995,5.533118
6879,Malta,Pollution-adjusted GDP growth,1996,3.005314
6880,Malta,Pollution-adjusted GDP growth,1997,5.146339
6881,Malta,Pollution-adjusted GDP growth,1998,4.839296
6882,Malta,Pollution-adjusted GDP growth,1999,4.759172
6883,Malta,Pollution-adjusted GDP growth,2000,7.010026
6884,Malta,Pollution-adjusted GDP growth,2001,-1.43288
6885,Malta,Pollution-adjusted GDP growth,2002,2.88237
6886,Malta,Pollution-adjusted GDP growth,2003,-0.01963288
6887,Malta,Pollution-adjusted GDP growth,2004,-0.5116423
6888,Malta,Pollution-adjusted GDP growth,2005,3.539655
6889,Malta,Pollution-adjusted GDP growth,2006,2.235584
6890,Malta,Pollution-adjusted GDP growth,2007,4.435281
6891,Malta,Pollution-adjusted GDP growth,2008,4.009619
6892,Malta,Pollution-adjusted GDP growth,2009,-2.78408
6893,Malta,Pollution-adjusted GDP growth,2010,6.1136029999999995
6894,Malta,Pollution-adjusted GDP growth,2011,5.427732
6895,Malta,Pollution-adjusted GDP growth,2012,4.65649
6896,Malta,Pollution-adjusted GDP growth,2013,6.882332000000001
7035,Romania,Pollution-adjusted GDP growth,1991,-4.10281
7036,Romania,Pollution-adjusted GDP growth,1992,-0.12918949999999998
7037,Romania,Pollution-adjusted GDP growth,1993,5.5727459999999995
7038,Romania,Pollution-adjusted GDP growth,1994,4.977849
7039,Romania,Pollution-adjusted GDP growth,1995,5.292846
7040,Romania,Pollution-adjusted GDP growth,1996,4.593268
7041,Romania,Pollution-adjusted GDP growth,1997,-2.047118
7042,Romania,Pollution-adjusted GDP growth,1998,3.5960339999999995
7043,Romania,Pollution-adjusted GDP growth,1999,3.518679
7044,Romania,Pollution-adjusted GDP growth,2000,4.058356
7045,Romania,Pollution-adjusted GDP growth,2001,5.327141
7046,Romania,Pollution-adjusted GDP growth,2002,3.773163
7047,Romania,Pollution-adjusted GDP growth,2003,4.134295
7048,Romania,Pollution-adjusted GDP growth,2004,6.955344
7049,Romania,Pollution-adjusted GDP growth,2005,3.4164519999999996
7050,Romania,Pollution-adjusted GDP growth,2006,7.674942
7051,Romania,Pollution-adjusted GDP growth,2007,6.658008000000001
7052,Romania,Pollution-adjusted GDP growth,2008,10.540510000000001
7053,Romania,Pollution-adjusted GDP growth,2009,-4.850453
7054,Romania,Pollution-adjusted GDP growth,2010,0.41185779999999994
7055,Romania,Pollution-adjusted GDP growth,2011,1.170023
7056,Romania,Pollution-adjusted GDP growth,2012,1.0399479999999999
7057,Romania,Pollution-adjusted GDP growth,2013,4.545730000000001
7196,Russia,Pollution-adjusted GDP growth,1994,-6.23325
7197,Russia,Pollution-adjusted GDP growth,1995,-1.588595
7198,Russia,Pollution-adjusted GDP growth,1996,-1.615149
7199,Russia,Pollution-adjusted GDP growth,1997,4.464289
7200,Russia,Pollution-adjusted GDP growth,1998,-4.73044
7201,Russia,Pollution-adjusted GDP growth,1999,5.585786
7202,Russia,Pollution-adjusted GDP growth,2000,9.499186
7203,Russia,Pollution-adjusted GDP growth,2001,4.141988
7204,Russia,Pollution-adjusted GDP growth,2002,3.8157
7205,Russia,Pollution-adjusted GDP growth,2003,5.42134
7206,Russia,Pollution-adjusted GDP growth,2004,4.662403
7207,Russia,Pollution-adjusted GDP growth,2005,8.265191999999999
7208,Russia,Pollution-adjusted GDP growth,2006,6.263955
7209,Russia,Pollution-adjusted GDP growth,2007,8.228871
7210,Russia,Pollution-adjusted GDP growth,2008,4.451579
7211,Russia,Pollution-adjusted GDP growth,2009,-4.118056
7212,Russia,Pollution-adjusted GDP growth,2010,0.9292838999999999
7213,Russia,Pollution-adjusted GDP growth,2011,2.168014
7214,Russia,Pollution-adjusted GDP growth,2012,3.618127
7329,Saudi Arabia,Pollution-adjusted GDP growth,1991,7.481789999999999
7330,Saudi Arabia,Pollution-adjusted GDP growth,1992,2.994267
7331,Saudi Arabia,Pollution-adjusted GDP growth,1993,-1.085417
7332,Saudi Arabia,Pollution-adjusted GDP growth,1994,-0.007570207
7333,Saudi Arabia,Pollution-adjusted GDP growth,1995,-0.5200651
7334,Saudi Arabia,Pollution-adjusted GDP growth,1996,2.929561
7335,Saudi Arabia,Pollution-adjusted GDP growth,1997,1.92818
7336,Saudi Arabia,Pollution-adjusted GDP growth,1998,2.666181
7337,Saudi Arabia,Pollution-adjusted GDP growth,1999,-1.299976
7338,Saudi Arabia,Pollution-adjusted GDP growth,2000,4.479785
7339,Saudi Arabia,Pollution-adjusted GDP growth,2001,-0.3181353
7340,Saudi Arabia,Pollution-adjusted GDP growth,2002,-0.8755511999999999
7341,Saudi Arabia,Pollution-adjusted GDP growth,2003,6.515296
7342,Saudi Arabia,Pollution-adjusted GDP growth,2004,7.978122
7343,Saudi Arabia,Pollution-adjusted GDP growth,2005,6.374849
7344,Saudi Arabia,Pollution-adjusted GDP growth,2006,4.788353
7345,Saudi Arabia,Pollution-adjusted GDP growth,2007,5.1460300000000005
7346,Saudi Arabia,Pollution-adjusted GDP growth,2008,7.621167999999999
7347,Saudi Arabia,Pollution-adjusted GDP growth,2009,0.7726476
7348,Saudi Arabia,Pollution-adjusted GDP growth,2010,3.989417
7349,Saudi Arabia,Pollution-adjusted GDP growth,2011,9.052698
7350,Saudi Arabia,Pollution-adjusted GDP growth,2012,4.8669080000000005
7483,Slovenia,Pollution-adjusted GDP growth,1996,2.921535
7484,Slovenia,Pollution-adjusted GDP growth,1997,5.077323000000001
7485,Slovenia,Pollution-adjusted GDP growth,1998,3.6558889999999997
7486,Slovenia,Pollution-adjusted GDP growth,1999,6.1528599999999996
7487,Slovenia,Pollution-adjusted GDP growth,2000,3.325535
7488,Slovenia,Pollution-adjusted GDP growth,2001,2.4884209999999998
7489,Slovenia,Pollution-adjusted GDP growth,2002,3.220711
7490,Slovenia,Pollution-adjusted GDP growth,2003,3.393219
7491,Slovenia,Pollution-adjusted GDP growth,2004,4.349969000000001
7492,Slovenia,Pollution-adjusted GDP growth,2005,3.988772
7493,Slovenia,Pollution-adjusted GDP growth,2006,5.640179
7494,Slovenia,Pollution-adjusted GDP growth,2007,6.907647
7495,Slovenia,Pollution-adjusted GDP growth,2008,3.476253
7496,Slovenia,Pollution-adjusted GDP growth,2009,-6.0035989999999995
7497,Slovenia,Pollution-adjusted GDP growth,2010,1.483284
7498,Slovenia,Pollution-adjusted GDP growth,2011,0.7329651
7499,Slovenia,Pollution-adjusted GDP growth,2012,-1.8882
7500,Slovenia,Pollution-adjusted GDP growth,2013,-0.9172363000000001
7609,South Africa,Pollution-adjusted GDP growth,1991,-1.273558
7610,South Africa,Pollution-adjusted GDP growth,1992,-2.178999
7611,South Africa,Pollution-adjusted GDP growth,1993,0.9982146999999999
7612,South Africa,Pollution-adjusted GDP growth,1994,2.814342
7613,South Africa,Pollution-adjusted GDP growth,1995,2.579816
7614,South Africa,Pollution-adjusted GDP growth,1996,3.64123
7615,South Africa,Pollution-adjusted GDP growth,1997,2.148791
7616,South Africa,Pollution-adjusted GDP growth,1998,0.3997493
7617,South Africa,Pollution-adjusted GDP growth,1999,2.501686
7618,South Africa,Pollution-adjusted GDP growth,2000,4.454969999999999
7619,South Africa,Pollution-adjusted GDP growth,2001,2.581934
7620,South Africa,Pollution-adjusted GDP growth,2002,3.248009
7621,South Africa,Pollution-adjusted GDP growth,2003,2.1215349999999997
7622,South Africa,Pollution-adjusted GDP growth,2004,3.8499230000000004
7623,South Africa,Pollution-adjusted GDP growth,2005,4.967751
7624,South Africa,Pollution-adjusted GDP growth,2006,5.426918
7625,South Africa,Pollution-adjusted GDP growth,2007,5.259771
7626,South Africa,Pollution-adjusted GDP growth,2008,3.323349
7627,South Africa,Pollution-adjusted GDP growth,2009,-1.1729690000000002
7628,South Africa,Pollution-adjusted GDP growth,2010,3.4819449999999996
7629,South Africa,Pollution-adjusted GDP growth,2011,3.448418
7630,South Africa,Pollution-adjusted GDP growth,2012,2.2755400000000003
